seed,frames,policy,phase,references,faults,hit_ratio
11,4,FIFO,before,1200,303,0.7475
11,4,FIFO,after,1200,896,0.2533333333333333
11,4,FIFO,overall,2400,1199,0.5004166666666667
11,4,LRU,before,1200,148,0.8766666666666667
11,4,LRU,after,1200,884,0.2633333333333333
11,4,LRU,overall,2400,1032,0.5700000000000001
11,4,Optimal,before,1200,137,0.8858333333333334
11,4,Optimal,after,1200,613,0.48916666666666664
11,4,Optimal,overall,2400,750,0.6875
11,4,Learned,before,1200,142,0.8816666666666667
11,4,Learned,after,1200,789,0.3425
11,4,Learned,overall,2400,931,0.6120833333333333
11,6,FIFO,before,1200,149,0.8758333333333334
11,6,FIFO,after,1200,793,0.3391666666666666
11,6,FIFO,overall,2400,942,0.6074999999999999
11,6,LRU,before,1200,74,0.9383333333333334
11,6,LRU,after,1200,762,0.365
11,6,LRU,overall,2400,836,0.6516666666666666
11,6,Optimal,before,1200,63,0.9475
11,6,Optimal,after,1200,468,0.61
11,6,Optimal,overall,2400,531,0.77875
11,6,Learned,before,1200,70,0.9416666666666667
11,6,Learned,after,1200,688,0.42666666666666664
11,6,Learned,overall,2400,758,0.6841666666666666
11,8,FIFO,before,1200,108,0.91
11,8,FIFO,after,1200,687,0.4275
11,8,FIFO,overall,2400,795,0.66875
11,8,LRU,before,1200,64,0.9466666666666667
11,8,LRU,after,1200,643,0.4641666666666666
11,8,LRU,overall,2400,707,0.7054166666666667
11,8,Optimal,before,1200,50,0.9583333333333334
11,8,Optimal,after,1200,368,0.6933333333333334
11,8,Optimal,overall,2400,418,0.8258333333333333
11,8,Learned,before,1200,64,0.9466666666666667
11,8,Learned,after,1200,598,0.5016666666666667
11,8,Learned,overall,2400,662,0.7241666666666666
22,4,FIFO,before,1200,307,0.7441666666666666
22,4,FIFO,after,1200,866,0.2783333333333333
22,4,FIFO,overall,2400,1173,0.51125
22,4,LRU,before,1200,159,0.8674999999999999
22,4,LRU,after,1200,854,0.28833333333333333
22,4,LRU,overall,2400,1013,0.5779166666666666
22,4,Optimal,before,1200,141,0.8825000000000001
22,4,Optimal,after,1200,588,0.51
22,4,Optimal,overall,2400,729,0.69625
22,4,Learned,before,1200,146,0.8783333333333333
22,4,Learned,after,1200,766,0.3616666666666667
22,4,Learned,overall,2400,912,0.62
22,6,FIFO,before,1200,160,0.8666666666666667
22,6,FIFO,after,1200,760,0.3666666666666667
22,6,FIFO,overall,2400,920,0.6166666666666667
22,6,LRU,before,1200,78,0.935
22,6,LRU,after,1200,719,0.4008333333333334
22,6,LRU,overall,2400,797,0.6679166666666667
22,6,Optimal,before,1200,64,0.9466666666666667
22,6,Optimal,after,1200,444,0.63
22,6,Optimal,overall,2400,508,0.7883333333333333
22,6,Learned,before,1200,76,0.9366666666666666
22,6,Learned,after,1200,639,0.4675
22,6,Learned,overall,2400,715,0.7020833333333334
22,8,FIFO,before,1200,116,0.9033333333333333
22,8,FIFO,after,1200,657,0.4525
22,8,FIFO,overall,2400,773,0.6779166666666667
22,8,LRU,before,1200,63,0.9475
22,8,LRU,after,1200,609,0.49250000000000005
22,8,LRU,overall,2400,672,0.72
22,8,Optimal,before,1200,50,0.9583333333333334
22,8,Optimal,after,1200,346,0.7116666666666667
22,8,Optimal,overall,2400,396,0.835
22,8,Learned,before,1200,65,0.9458333333333333
22,8,Learned,after,1200,557,0.5358333333333334
22,8,Learned,overall,2400,622,0.7408333333333333
33,4,FIFO,before,1200,317,0.7358333333333333
33,4,FIFO,after,1200,899,0.25083333333333335
33,4,FIFO,overall,2400,1216,0.4933333333333333
33,4,LRU,before,1200,160,0.8666666666666667
33,4,LRU,after,1200,874,0.2716666666666666
33,4,LRU,overall,2400,1034,0.5691666666666666
33,4,Optimal,before,1200,145,0.8791666666666667
33,4,Optimal,after,1200,593,0.5058333333333334
33,4,Optimal,overall,2400,738,0.6925
33,4,Learned,before,1200,151,0.8741666666666666
33,4,Learned,after,1200,787,0.3441666666666666
33,4,Learned,overall,2400,938,0.6091666666666666
33,6,FIFO,before,1200,167,0.8608333333333333
33,6,FIFO,after,1200,764,0.3633333333333333
33,6,FIFO,overall,2400,931,0.6120833333333333
33,6,LRU,before,1200,79,0.9341666666666667
33,6,LRU,after,1200,738,0.385
33,6,LRU,overall,2400,817,0.6595833333333334
33,6,Optimal,before,1200,66,0.945
33,6,Optimal,after,1200,453,0.6225
33,6,Optimal,overall,2400,519,0.78375
33,6,Learned,before,1200,76,0.9366666666666666
33,6,Learned,after,1200,667,0.4441666666666667
33,6,Learned,overall,2400,743,0.6904166666666667
33,8,FIFO,before,1200,122,0.8983333333333333
33,8,FIFO,after,1200,648,0.45999999999999996
33,8,FIFO,overall,2400,770,0.6791666666666667
33,8,LRU,before,1200,70,0.9416666666666667
33,8,LRU,after,1200,622,0.4816666666666667
33,8,LRU,overall,2400,692,0.7116666666666667
33,8,Optimal,before,1200,51,0.9575
33,8,Optimal,after,1200,347,0.7108333333333333
33,8,Optimal,overall,2400,398,0.8341666666666667
33,8,Learned,before,1200,62,0.9483333333333334
33,8,Learned,after,1200,583,0.5141666666666667
33,8,Learned,overall,2400,645,0.73125
44,4,FIFO,before,1200,331,0.7241666666666666
44,4,FIFO,after,1200,873,0.27249999999999996
44,4,FIFO,overall,2400,1204,0.4983333333333333
44,4,LRU,before,1200,162,0.865
44,4,LRU,after,1200,864,0.28
44,4,LRU,overall,2400,1026,0.5725
44,4,Optimal,before,1200,145,0.8791666666666667
44,4,Optimal,after,1200,598,0.5016666666666667
44,4,Optimal,overall,2400,743,0.6904166666666667
44,4,Learned,before,1200,149,0.8758333333333334
44,4,Learned,after,1200,780,0.35
44,4,Learned,overall,2400,929,0.6129166666666667
44,6,FIFO,before,1200,175,0.8541666666666666
44,6,FIFO,after,1200,761,0.36583333333333334
44,6,FIFO,overall,2400,936,0.61
44,6,LRU,before,1200,80,0.9333333333333333
44,6,LRU,after,1200,734,0.3883333333333333
44,6,LRU,overall,2400,814,0.6608333333333334
44,6,Optimal,before,1200,71,0.9408333333333333
44,6,Optimal,after,1200,451,0.6241666666666666
44,6,Optimal,overall,2400,522,0.7825
44,6,Learned,before,1200,78,0.935
44,6,Learned,after,1200,664,0.44666666666666666
44,6,Learned,overall,2400,742,0.6908333333333334
44,8,FIFO,before,1200,119,0.9008333333333334
44,8,FIFO,after,1200,667,0.4441666666666667
44,8,FIFO,overall,2400,786,0.6725
44,8,LRU,before,1200,72,0.94
44,8,LRU,after,1200,625,0.47916666666666663
44,8,LRU,overall,2400,697,0.7095833333333333
44,8,Optimal,before,1200,56,0.9533333333333334
44,8,Optimal,after,1200,343,0.7141666666666666
44,8,Optimal,overall,2400,399,0.83375
44,8,Learned,before,1200,73,0.9391666666666667
44,8,Learned,after,1200,586,0.5116666666666667
44,8,Learned,overall,2400,659,0.7254166666666666
55,4,FIFO,before,1200,330,0.725
55,4,FIFO,after,1200,860,0.2833333333333333
55,4,FIFO,overall,2400,1190,0.5041666666666667
55,4,LRU,before,1200,168,0.86
55,4,LRU,after,1200,846,0.29500000000000004
55,4,LRU,overall,2400,1014,0.5775
55,4,Optimal,before,1200,149,0.8758333333333334
55,4,Optimal,after,1200,587,0.5108333333333333
55,4,Optimal,overall,2400,736,0.6933333333333334
55,4,Learned,before,1200,156,0.87
55,4,Learned,after,1200,751,0.37416666666666665
55,4,Learned,overall,2400,907,0.6220833333333333
55,6,FIFO,before,1200,166,0.8616666666666667
55,6,FIFO,after,1200,758,0.3683333333333333
55,6,FIFO,overall,2400,924,0.615
55,6,LRU,before,1200,83,0.9308333333333333
55,6,LRU,after,1200,709,0.4091666666666667
55,6,LRU,overall,2400,792,0.6699999999999999
55,6,Optimal,before,1200,68,0.9433333333333334
55,6,Optimal,after,1200,442,0.6316666666666666
55,6,Optimal,overall,2400,510,0.7875
55,6,Learned,before,1200,78,0.935
55,6,Learned,after,1200,649,0.4591666666666666
55,6,Learned,overall,2400,727,0.6970833333333333
55,8,FIFO,before,1200,123,0.8975
55,8,FIFO,after,1200,640,0.4666666666666667
55,8,FIFO,overall,2400,763,0.6820833333333334
55,8,LRU,before,1200,73,0.9391666666666667
55,8,LRU,after,1200,600,0.5
55,8,LRU,overall,2400,673,0.7195833333333334
55,8,Optimal,before,1200,53,0.9558333333333333
55,8,Optimal,after,1200,345,0.7125
55,8,Optimal,overall,2400,398,0.8341666666666667
55,8,Learned,before,1200,72,0.94
55,8,Learned,after,1200,555,0.5375
55,8,Learned,overall,2400,627,0.73875
