kind,repeat,working_set_limit_mib,allowed_cpus,workers,wall_seconds,work_seconds,cpu_seconds,windows_fault_delta,sampled_rss_mib,checksum
cpu,1,0,1,2,1.5734467000002041,1.3766536000002816,1.3125,6,21.6875,0
cpu,1,0,2,2,1.1354562999986229,0.9359547999993083,1.34375,6,21.6953125,0
memory,1,24,1,1,0.6413743000011891,0.40715840000120807,0.40625,94438,23.99609375,442368
memory,1,96,1,1,0.24018939999950817,0.02640619999874616,0.03125,1,70.2265625,442368
cpu,2,0,2,2,1.357604300003004,1.1746831000018574,1.3125,6,21.7421875,0
memory,2,24,1,1,0.5884310000001278,0.36355960000219056,0.359375,85101,24.0,442368
memory,2,96,1,1,0.22241049999865936,0.02568280000195955,0.015625,1,70.19921875,442368
cpu,2,0,1,2,1.5373356999989483,1.298034399998869,1.328125,6,21.625,0
memory,3,96,1,1,0.2267403000005288,0.025245400000130758,0.015625,1,70.15234375,442368
cpu,3,0,1,2,1.5296780000026047,1.3101672999982839,1.3125,6,21.69921875,0
cpu,3,0,2,2,1.3191879000005429,1.145059799997398,1.21875,6,21.6953125,0
memory,3,24,1,1,0.5611258999997517,0.33460960000229534,0.3125,82947,23.9921875,442368
