policy,start,fault_ratio
FIFO,0,0.16
FIFO,100,0.1
FIFO,200,0.14
FIFO,300,0.14
FIFO,400,0.1
FIFO,500,0.16
FIFO,600,0.13
FIFO,700,0.09
FIFO,800,0.23
FIFO,900,0.08
FIFO,1000,0.13
FIFO,1100,0.03
FIFO,1200,0.63
FIFO,1300,0.69
FIFO,1400,0.59
FIFO,1500,0.67
FIFO,1600,0.66
FIFO,1700,0.72
FIFO,1800,0.59
FIFO,1900,0.67
FIFO,2000,0.67
FIFO,2100,0.76
FIFO,2200,0.63
FIFO,2300,0.65
LRU,0,0.1
LRU,100,0.05
LRU,200,0.06
LRU,300,0.06
LRU,400,0.05
LRU,500,0.11
LRU,600,0.05
LRU,700,0.04
LRU,800,0.1
LRU,900,0.04
LRU,1000,0.06
LRU,1100,0.02
LRU,1200,0.55
LRU,1300,0.7
LRU,1400,0.63
LRU,1500,0.64
LRU,1600,0.62
LRU,1700,0.73
LRU,1800,0.61
LRU,1900,0.63
LRU,2000,0.63
LRU,2100,0.72
LRU,2200,0.55
LRU,2300,0.61
Optimal,0,0.1
Optimal,100,0.04
Optimal,200,0.06
Optimal,300,0.05
Optimal,400,0.05
Optimal,500,0.07
Optimal,600,0.04
Optimal,700,0.04
Optimal,800,0.08
Optimal,900,0.03
Optimal,1000,0.05
Optimal,1100,0.02
Optimal,1200,0.38
Optimal,1300,0.41
Optimal,1400,0.37
Optimal,1500,0.4
Optimal,1600,0.41
Optimal,1700,0.42
Optimal,1800,0.38
Optimal,1900,0.33
Optimal,2000,0.38
Optimal,2100,0.45
Optimal,2200,0.37
Optimal,2300,0.38
Learned,0,0.1
Learned,100,0.05
Learned,200,0.06
Learned,300,0.06
Learned,400,0.05
Learned,500,0.08
Learned,600,0.05
Learned,700,0.04
Learned,800,0.09
Learned,900,0.04
Learned,1000,0.06
Learned,1100,0.02
Learned,1200,0.54
Learned,1300,0.56
Learned,1400,0.6
Learned,1500,0.59
Learned,1600,0.57
Learned,1700,0.61
Learned,1800,0.58
Learned,1900,0.51
Learned,2000,0.57
Learned,2100,0.65
Learned,2200,0.55
Learned,2300,0.55
